Attack type,Test records,Logistic Regression recall %,LightGBM recall %,Autoencoder recall %
DoS Hulk,34635,96.31,99.96,89.97
DDoS,25632,99.84,99.97,78.86
PortScan,18092,98.46,99.99,49.79
DoS GoldenEye,1975,78.78,100.0,21.16
FTP-Patator,1115,99.82,99.91,61.08
DoS slowloris,1103,94.38,99.82,69.36
DoS Slowhttptest,990,89.8,100.0,42.22
SSH-Patator,635,13.7,99.69,57.01
Bot,399,0.0,72.68,3.26
Web Attack - Brute Force,297,79.46,98.99,0.0
Web Attack - XSS,149,84.56,100.0,0.0
Infiltration,7,0.0,57.14,85.71
Web Attack - Sql Injection,6,16.67,83.33,0.0
Heartbleed,1,0.0,100.0,100.0
