Threshold,Precision,Recall,F1,False alarms,Missed attacks
0.05,0.9948,0.9999,0.9973,446,8
0.1,0.9956,0.9999,0.9977,378,9
0.15,0.996,0.9999,0.9979,345,12
0.2,0.9962,0.9998,0.998,328,13
0.25,0.9964,0.9998,0.9981,307,13
0.3,0.9966,0.9998,0.9982,287,14
0.35,0.9968,0.9998,0.9983,275,17
0.4,0.9969,0.9997,0.9983,268,22
0.45,0.997,0.9997,0.9983,258,29
0.5,0.9971,0.9996,0.9984,248,32
0.55,0.9972,0.9996,0.9984,240,38
0.6,0.9973,0.9995,0.9984,230,42
0.65,0.9974,0.9994,0.9984,218,50
0.7,0.9977,0.9993,0.9985,199,63
0.75,0.9979,0.999,0.9985,177,81
0.8,0.9981,0.9989,0.9985,159,93
0.85,0.9984,0.9987,0.9986,133,112
0.9,0.9986,0.9983,0.9985,118,144
0.95,0.9988,0.9979,0.9983,106,177
