column,negative_count,negative_pct,min_value,distinct_negative_values,attack_share_of_negatives_pct
Init_Win_bytes_backward,1441552,50.92486318962901,-1.0,1,8.502710967068825
Init_Win_bytes_forward,1001189,35.368417408433054,-1.0,1,0.0006991686884294574
Flow IAT Min,2891,0.10212866374658526,-14.0,12,6.710480802490487
Flow Duration,115,0.004062537644710241,-13.0,5,0.0
Flow Packets/s,115,0.004062537644710241,-2000000.0,5,0.0
Flow IAT Mean,115,0.004062537644710241,-13.0,5,0.0
Flow IAT Max,115,0.004062537644710241,-13.0,5,0.0
Flow Bytes/s,85,0.0030027452156553953,-261000000.0,9,0.0
Fwd Header Length,35,0.0012364245005639862,-32212234632.0,27,0.0
Fwd Header Length.1,35,0.0012364245005639862,-32212234632.0,27,0.0
min_seg_size_forward,35,0.0012364245005639862,-536870661.0,4,0.0
Bwd Header Length,22,0.0007771811146402199,-1073741320.0,17,0.0
Fwd IAT Min,17,0.000600549043131079,-12.0,3,100.0
