feature_1,feature_2,correlation,abs_correlation
Fwd Packet Length Mean,Avg Fwd Segment Size,1.0,1.0
Fwd URG Flags,CWE Flag Count,1.0,1.0
Fwd PSH Flags,SYN Flag Count,1.0,1.0
Fwd Header Length,Fwd Header Length.1,1.0,1.0
Total Fwd Packets,Subflow Fwd Packets,1.0,1.0
Total Backward Packets,Subflow Bwd Packets,1.0,1.0
Bwd Packet Length Mean,Avg Bwd Segment Size,1.0,1.0
Total Length of Fwd Packets,Subflow Fwd Bytes,1.0,1.0
RST Flag Count,ECE Flag Count,1.0,1.0
Total Length of Bwd Packets,Subflow Bwd Bytes,0.999999999866675,0.999999999866675
Flow Duration,Fwd IAT Total,0.9982079561198839,0.9982079561198839
Packet Length Mean,Average Packet Size,0.9978124376264258,0.9978124376264258
Flow IAT Max,Fwd IAT Max,0.9973528786876087,0.9973528786876087
Subflow Bwd Packets,Subflow Bwd Bytes,0.9917968544995697,0.9917968544995697
Total Backward Packets,Subflow Bwd Bytes,0.9917968544995697,0.9917968544995697
Total Backward Packets,Total Length of Bwd Packets,0.9917966205168901,0.9917966205168901
Total Length of Bwd Packets,Subflow Bwd Packets,0.9917966205168899,0.9917966205168899
Bwd Header Length,Subflow Bwd Packets,0.9909063240406124,0.9909063240406124
Total Backward Packets,Bwd Header Length,0.9909063240406123,0.9909063240406123
Total Fwd Packets,Fwd Header Length.1,0.9905690311454387,0.9905690311454387
Total Fwd Packets,Fwd Header Length,0.9905690311454387,0.9905690311454387
Fwd Header Length.1,Subflow Fwd Packets,0.9905690311454385,0.9905690311454385
Fwd Header Length,Subflow Fwd Packets,0.9905690311454385,0.9905690311454385
Flow IAT Max,Idle Max,0.9905148485237695,0.9905148485237695
Idle Mean,Idle Max,0.9904885849548731,0.9904885849548731
Idle Mean,Idle Min,0.9903191781883656,0.9903191781883656
Flow Packets/s,Fwd Packets/s,0.9896844284699755,0.9896844284699755
Fwd IAT Max,Idle Max,0.9886551407826876,0.9886551407826876
Total Fwd Packets,Total Length of Bwd Packets,0.9863735288469179,0.9863735288469179
Total Length of Bwd Packets,Subflow Fwd Packets,0.9863735288469179,0.9863735288469179
Subflow Fwd Packets,Subflow Bwd Bytes,0.9863723363857134,0.9863723363857134
Total Fwd Packets,Subflow Bwd Bytes,0.9863723363857134,0.9863723363857134
Max Packet Length,Packet Length Std,0.9847398952028646,0.9847398952028646
Subflow Fwd Packets,Subflow Bwd Packets,0.9839485804320941,0.9839485804320941
Total Fwd Packets,Subflow Bwd Packets,0.9839485804320941,0.9839485804320941
Total Fwd Packets,Total Backward Packets,0.9839485804320941,0.9839485804320941
Total Backward Packets,Subflow Fwd Packets,0.9839485804320941,0.9839485804320941
Bwd Packet Length Max,Bwd Packet Length Std,0.9824305282709144,0.9824305282709144
Flow IAT Max,Idle Mean,0.9811231691596073,0.9811231691596073
Fwd IAT Max,Idle Mean,0.9784436118168911,0.9784436118168911
Total Length of Bwd Packets,Bwd Header Length,0.9755546959631631,0.9755546959631631
Bwd Header Length,Subflow Bwd Bytes,0.975554630711495,0.975554630711495
Total Length of Bwd Packets,Fwd Header Length,0.9710580599142626,0.9710580599142626
Total Length of Bwd Packets,Fwd Header Length.1,0.9710580599142626,0.9710580599142626
Fwd Header Length.1,Subflow Bwd Bytes,0.9710556534058976,0.9710556534058976
Fwd Header Length,Subflow Bwd Bytes,0.9710556534058976,0.9710556534058976
Fwd Packet Length Max,Fwd Packet Length Std,0.9708565475273716,0.9708565475273716
Fwd Header Length.1,Subflow Bwd Packets,0.9696118490012168,0.9696118490012168
Total Backward Packets,Fwd Header Length,0.9696118490012168,0.9696118490012168
Fwd Header Length,Subflow Bwd Packets,0.9696118490012168,0.9696118490012168
Total Backward Packets,Fwd Header Length.1,0.9696118490012168,0.9696118490012168
Bwd Header Length,Subflow Fwd Packets,0.9687325515556483,0.9687325515556483
Total Fwd Packets,Bwd Header Length,0.9687325515556481,0.9687325515556481
Bwd Header Length,Fwd Header Length.1,0.9660329383241463,0.9660329383241463
Fwd Header Length,Bwd Header Length,0.9660329383241463,0.9660329383241463
Subflow Bwd Bytes,act_data_pkt_fwd,0.9660222382161773,0.9660222382161773
Total Length of Bwd Packets,act_data_pkt_fwd,0.9660203324100862,0.9660203324100862
Subflow Bwd Packets,act_data_pkt_fwd,0.963554386466418,0.963554386466418
Total Backward Packets,act_data_pkt_fwd,0.963554386466418,0.963554386466418
Idle Max,Idle Min,0.9622196080481206,0.9622196080481206
Bwd Packet Length Max,Bwd Packet Length Mean,0.9586182098665875,0.9586182098665875
Bwd Packet Length Max,Avg Bwd Segment Size,0.9586182098665647,0.9586182098665647
Total Fwd Packets,act_data_pkt_fwd,0.9576167843360334,0.9576167843360334
Subflow Fwd Packets,act_data_pkt_fwd,0.9576167843360334,0.9576167843360334
Flow IAT Max,Idle Min,0.9531746201146292,0.9531746201146292
Fwd IAT Max,Idle Min,0.9496841341611996,0.9496841341611996
Bwd Packet Length Max,Max Packet Length,0.9495270908310793,0.9495270908310793
Bwd Packet Length Std,Packet Length Std,0.9425343977793442,0.9425343977793442
Packet Length Std,Average Packet Size,0.9421361059200558,0.9421361059200558
Packet Length Mean,Packet Length Std,0.9417309907224687,0.9417309907224687
Bwd Packet Length Max,Packet Length Std,0.9403881890838152,0.9403881890838152
Flow IAT Std,Flow IAT Max,0.9396789332314287,0.9396789332314287
Bwd Packet Length Mean,Bwd Packet Length Std,0.9390457084176052,0.9390457084176052
Bwd Packet Length Std,Avg Bwd Segment Size,0.9390457084175512,0.9390457084175512
Flow IAT Std,Fwd IAT Max,0.937228357857702,0.937228357857702
Flow IAT Std,Idle Max,0.9365214724194986,0.9365214724194986
Bwd Packet Length Std,Max Packet Length,0.933383450492116,0.933383450492116
Flow IAT Std,Idle Mean,0.9322392823698715,0.9322392823698715
Bwd IAT Mean,Bwd IAT Min,0.930592515481075,0.930592515481075
Bwd Header Length,act_data_pkt_fwd,0.9258529886082622,0.9258529886082622
Packet Length Std,Packet Length Variance,0.922004078651985,0.922004078651985
Fwd IAT Std,Fwd IAT Max,0.9207804696530434,0.9207804696530434
Packet Length Mean,Avg Bwd Segment Size,0.9195791388181628,0.9195791388181628
Bwd Packet Length Mean,Packet Length Mean,0.9195791388181405,0.9195791388181405
Bwd Packet Length Mean,Packet Length Std,0.9192698495057029,0.9192698495057029
Packet Length Std,Avg Bwd Segment Size,0.9192698495056709,0.9192698495056709
Fwd Header Length.1,act_data_pkt_fwd,0.9191535222334823,0.9191535222334823
Fwd Header Length,act_data_pkt_fwd,0.9191535222334823,0.9191535222334823
Flow IAT Max,Fwd IAT Std,0.9178183007131532,0.9178183007131532
Fwd IAT Std,Idle Max,0.9169153240381663,0.9169153240381663
Max Packet Length,Packet Length Mean,0.9168427535896433,0.9168427535896433
Average Packet Size,Avg Bwd Segment Size,0.9138147069871715,0.9138147069871715
Bwd Packet Length Mean,Average Packet Size,0.9138147069871562,0.9138147069871562
Max Packet Length,Average Packet Size,0.91211476233706,0.91211476233706
Flow IAT Std,Idle Min,0.909931453143166,0.909931453143166
Fwd IAT Std,Idle Mean,0.9063365116883708,0.9063365116883708
Bwd Packet Length Mean,Max Packet Length,0.9058725090769434,0.9058725090769434
Max Packet Length,Avg Bwd Segment Size,0.90587250907692,0.90587250907692
Flow IAT Mean,Fwd IAT Mean,0.9049011790453093,0.9049011790453093
